{"cameraMode":{"drawMode":0,"name":"Shaded","section":"Shading Mode"},"sceneLighting":true,"audioPlay":false,"sceneViewState":{"showFog":true,"showMaterialUpdate":false,"showSkybox":true,"showFlares":true,"showImageEffects":true,"showParticleSystems":true,"showVisualEffectGraphs":true,"m_FxEnabled":true},"in2DMode":false,"pivot":{"x":0.17855165898799897,"y":-1.0845190286636353,"z":0.9223569631576538},"rotation":{"x":-0.4406408369541168,"y":0.005633726716041565,"z":-0.002770607126876712,"w":-0.8976903557777405},"size":11.252823829650879,"orthographic":false}